north_germanic;North Germanic;germanique nordique;Nordgermanisch;;Norgermánica;;;;;;;;;x
north_germanic_FEATURES;§Y*§! Can raise Runestones up until the year 1150.;§Y*§! Peut édifier des pierres runiques jusqu'en 1150.;§Y*§! Kann bis zum Jahr 1150 Runensteine in Auftrag geben.;;§Y*§! Puede crear piedras rúnicas hasta 1150.;;;;;;;;;x
danish;Danish;danoise;Dänisch;;Danesa;;;;;;;;;x
norse;Norse;nordique;Nordisch;;Nórdica;;;;;;;;;x
norwegian;Norwegian;norvégienne;Norwegisch;;Noruega;;;;;;;;;x
swedish;Swedish;suédoise;Schwedisch;;Sueca;;;;;;;;;x
central_germanic;Central Germanic;germanique central;Zentralgermanisch;;Germánica Central;;;;;;;;;x
german;German;allemande;Deutsch;;Alemana;;;;;;;;;x
lombard;Lombard;lombarde;Lombardisch;;Lombarda;;;;;;;;;x
frankish;Frankish;franque;Fränkisch;;Franca;;;;;;;;;x
suebi;Suebi;suève;Suebisch;;Sueva;;;;;;;;;x
west_germanic;West Germanic;germanique occidental;Westgermanisch;;Germánica Occidental;;;;;;;;;x
dutch;Dutch;hollandaise;Holländisch;;Holandesa;;;;;;;;;x
english;English;anglaise;Englisch;;Inglesa;;;;;;;;;x
frisian;Frisian;frisonne;Friesisch;;Frisona;;;;;;;;;x
saxon;Saxon;saxonne;Sächsisch;;Sajona;;;;;;;;;x
anglo_saxon;Anglo-Saxon;anglo-saxonne;Angel-Sächsisch;;Anglosajona;;;;;;;;;x
latin;Latin;latin;Lateinisch;;Latina;;;;;;;;;x
french;French;française;Französisch;;Francesa;;;;;;;;;x
norman;Norman;normande;Normannisch;;Normanda;;;;;;;;;x
italian;Italian;italienne;Italienisch;;Italiana;;;;;;;;;x
italian_FEATURES;[GetEREBureaucracyVassals];;;;;;;;;;;;;x
occitan;Occitan;occitane;Okzitanisch;;Occitana;;;;;;;;;x
roman;Roman;romaine;Römisch;;Romana;;;;;;;;;x
roman_FEATURES;[GetEREBureaucracyVassals];;;;;;;;;;;;;x
dalmatian;Dalmatian;dalmate;Dalmatinisch;;Dálmata;;;;;x
outremer;Outremer;outremer;;;Ultramarina;;;;;;;;;x
sardinian;Sardinian;sarde;Sardinisch;;Sardo;;;;;x
sardinian_FEATURES;[GetEREBureaucracyVassals];;;;;;;;;;;;;x
iberian;Iberian;ibérique;Iberisch;;Ibérica;;;;;;;;;x
basque;Basque;basque;Baskisch;;Vascona;;;;;;;;;x
basque_FEATURES;[GetBasqueFeatures];;;;;;;;;x
castilian;Castilian;castillane;Kastilisch;;Castellana;;;;;;;;;x
castilian_FEATURES;[GetIberianFeatures];;;;;;;;;x
catalan;Catalan;catalane;Katalanisch;;Catalana;;;;;;;;;x
catalan_FEATURES;[GetIberianFeatures];;;;;;;;;x
portuguese;Portuguese;portugaise;Portugiesisch;;Portuguesa;;;;;;;;;x
portuguese_FEATURES;[GetIberianFeatures];;;;;;;;;x
visigothic;Visigothic;wisigothe;Westgotisch;;Visigoda;;;;;;;;;
visigothic_FEATURES;[GetIberianFeatures];;;;;;;;;x
byzantine;Byzantine;byzantin;Byzantinisch;;Bizantina;;;;;;;;;x
byzantine_FEATURES;§Y*§! Can Blind prisoners.\n§Y*§! Can Castrate prisoners.[GetEREBureaucracyVassals];§Y*§! Peut aveugler des prisonniers.\n§Y*§! Peut castrer des prisonniers.;§Y*§! Kann Gefangene blenden.\n§Y*§! Kann Gefangene kastrieren.;;§Y*§! Puede cegar prisioneros.\n§Y*§! Puede castrar prisioneros.;;;;;;;;;x
alan;Alan;alaine;Alanisch;;Alana;;;;;;;;;x
alan_FEATURES;§Y*§! Eligible for the §YSteppe Nomadic§! government.;;;;;;;;;;;;;x
armenian;Armenian;arménienne;Armenisch;;Armenia;;;;;;;;;x
arberian;Arberian;albanaise;Albanisch;;Arberiana;;;;;;;;;x
georgian;Georgian;géorgienne;Georgisch;;Georgiana;;;;;;;;;x
greek;Greek;grecque;Griechisch;;Griega;;;;;;;;;x
coptic;Coptic;copte;Koptisch;;Copta;;;;;;;;;x
crimean_gothic;Gothic;gothe;Gotisch;;Gótica;;;;;x
assyrian;Assyrian;assyrienne;Assyrisch;;Asiria;;;;;;;;;x
celtic;Celtic;celte;Keltisch;;Céltica;;;;;;;;;x
celtic_FEATURES;§Y*§! Has access to the Tanistry succession law.;§Y*§! Permet la loi de succession par tanistrie.;§Y*§! Hat Zugang zur Erbfolge durch Thanwahl.;;§Y*§! Tiene acceso a la ley de sucesión de tanistry.;;;;;;;;;x
irish;Irish;irlandaise;Irisch;;Irlandesa;;;;;;;;;x
scottish;Scottish;écossaise;Schottisch;;Escocesa;;;;;;;;;x
pictish;Pictish;picte;Piktisch;;Picta;;;;;;;;;x
breton;Breton;bretonne;Bretonisch;;Bretona;;;;;;;;;x
welsh;Welsh;galloise;Walisisch;;Galesa;;;;;;;;;x
finno_ugric;Finno-Ugric;finno-ougrien;Finnisch-ugrisch;;Ugro-finesa;;;;;;;;;x
finnish;Finnish;finnoise;Finnisch;;Finesa;;;;;;;;;x
sami;Sami;same;Samen;;;;;;;;;;;x
estonian;Estonian;estonienne;Estnisch;;Estonia;;;;;;;;;x
komi;Komi;komie;;;;;;;;;;;;x
khanty;Khanty;khante;Khantisch;;Janty;;;;;;;;;x
nenets;Nenets;nénètse;Nenze;;;;;;;;;;;x
mordvin;Mordvin;mordvine;Mordvinisch;;Mordvina;;;;;;;;;x
meshchera;Meshchera;mechtchérienne;;;;;;;;;;;;x
baltic;Baltic;balte;Baltisch;;Báltica;;;;;;;;;x
latgalian;Latgalian;latgalien;Lettgallisch;;Latgaliana;;;;;;;;;x
lithuanian;Lithuanian;lituanienne;Litauisch;;Lituana;;;;;;;;;x
prussian;Prussian;prussienne;Preußisch;;Prusiana;;;;;;;;;x
altaic;Altaic;altaïque;Altaisch;;Altaica;;;;;;;;;x
turkish;Turkish;turque;Türkisch;;Turca;;;;;;;;;x
turkish_FEATURES;§Y*§! Eligible for the §YSteppe Nomadic§! government.;;;;;;;;;;;;;x
pecheneg;Pecheneg;petchénègue;Petschenegisch;;Pechenega;;;;;;;;;x
pecheneg_FEATURES;§Y*§! Eligible for the §YSteppe Nomadic§! government.;;;;;;;;;;;;;x
cuman;Cuman;coumane;Kumanisch;;Cumana;;;;;;;;;x
cuman_FEATURES;§Y*§! Eligible for the §YSteppe Nomadic§! government.;;;;;;;;;;;;;x
khazar;Khazar;khazare;Khazarisch;;Jázara;;;;;;;;;x
khazar_FEATURES;§Y*§! Eligible for the §YSteppe Nomadic§! government.;;;;;;;;;;;;;x
bolghar;Bolghar;bolgare;Bolgharisch;;Bolgara;;;;;;;;;x
bolghar_FEATURES;§Y*§! Eligible for the §YSteppe Nomadic§! government.;;;;;;;;;;;;;x
avar;Avar;avare;Avarisch;;Ávara;;;;;;;;;x
avar_FEATURES;§Y*§! Eligible for the §YSteppe Nomadic§! government.;;;;;;;;;;;;;x
karluk;Karluk;karlouke;Karlukisch;;Qarluq;;;;;;;;;x
karluk_FEATURES;§Y*§! Eligible for the §YSteppe Nomadic§! government.;;;;;;;;;;;;;x
kirghiz;Kirghiz;kirghize;Kirghizisch;;Kirguís;;;;;;;;;x
kirghiz_FEATURES;§Y*§! Eligible for the §YSteppe Nomadic§! government.;;;;;;;;;;;;;x
uyghur;Uyghur;ouïghoure;Uiguren;;Uigur;;;;;;;;;x
uyghur_FEATURES;§Y*§! Eligible for the §YSteppe Nomadic§! government.;;;;;;;;;;;;;x
mongol;Mongol;mongole;Mongolisch;;Mongola;;;;;;;;;x
mongol_FEATURES;§Y*§! Can become Genghis Khan.\n;§Y*§! Unlocks access to various Chinese governments if §YBuddhist§!.\n§Y*§! Eligible for the §YSteppe Nomadic§! government.;§Y*§! Peut devenir Genghis Khan.;§Y*§! Kann zum Dschingis Khan werden.;;§Y*§! Puede convertirse en Gengis Kan.;;;;;;;;;x
khitan;Khitan;khitane;Kitan;;Kitán;;;;;;;;;x
khitan_FEATURES;§Y*§! Eligible for the §YSteppe Nomadic§! government.\n§Y*§! Unlocks access to various Chinese governments if §YBuddhist§!.;;;;;;;;;;;;;x
jurchen;Jurchen;jurchen;Jurchisch;;Yurchen;;;;;;;;;x
jurchen_FEATURES;§Y*§! Unlocks access to various Chinese governments if §YBuddhist§!.;;;;;;;;;;;;;x
arabic;Arabic;arabe;Arabisch;;Arábiga;;;;;;;;;x
egyptian;Egyptian;égyptienne;Ägyptisch;;Egipcia;;;;;;;;;x
bedouin;Bedouin;bédouine;Beduinisch;;Beduina;;;;;;;;;x
bedouin_FEATURES;§Y*§! Eligible for the §YDesert Nomadic§! government.;;;;;;;;;;;;;x
andalusian;Andalusian;andalouse;Andalusisch;;Andalusí;;;;;;;;;x
levantine;Levantine;levantine;Levantinisch;;Levantina;;;;;;;;;x
levantine_FEATURES;§Y*§! Eligible for the §YDesert Nomadic§! government.;;;;;;;;;;;;;x
berber;Berber;berbère;Berberisch;;Bereber;;;;;;;;;x
berber_FEATURES;§Y*§! Eligible for the §YDesert Nomadic§! government.;;;;;;;;;;;;;x
east_slavic;East Slavic;slave oriental;Ostslawisch;;Eslava Oriental;;;;;;;;;x
russian;Russian;russe;Russisch;;Rusa;;;;;;;;;x
ilmenian;Ilmenian;ilmenienne;Ilmenisch;;Ilmeniana;;;;;;;;;x
severian;Severian;sévériane;Sewerjanisch;;Severiana;;;;;;;;;x
volhynian;Volhynian;volhynienne;Wolynisch;;Voliniana;;;;;;;;;x
west_slavic;West Slavic;slave occidental;Westslawisch;;Eslava Occidental;;;;;;;;;x
pomeranian;Pomeranian;poméranienne;Pommersch;;Pomerania;;;;;;;;;x
bohemian;Bohemian;bohémienne;Böhmisch;;Bohemia;;;;;;;;;x
polish;Polish;polonaise;Polnisch;;Polaca;;;;;;;;;x
slovien;Slovien;slovienne;Slowenisch;;Eslovaca;;;;;;;;;x
south_slavic;South Slavic;slave méridional;Südslawisch;;Eslava Meridional;;;;;;;;;x
croatian;Croatian;croate;Kroatisch;;Croata;;;;;;;;;x
serbian;Serbian;serbe;Serbisch;;Serbia;;;;;;;;;x
vlach;Vlach;valaque;Walachisch;;Valaca;;;;;;;;;x
bulgarian;Bulgarian;bulgare;Bulgarisch;;Búlgara;;;;;;;;;x
bosnian;Bosnian;bosniaque;Bosnisch;;Bosnia;;;;;;;;;x
carantanian;Carantanian;carantanienne;Karantanien;;Carantania;;;;;x
magyar;Magyar;magyar;Magyarisch;;Magiar;;;;;;;;;x
hungarian;Hungarian;hongroise;Ungarisch;;Húngara;;;;;;;;;x
hungarian_FEATURES;§Y*§! Eligible for the §YSteppe Nomadic§! government.;;;;;;;;;;;;;x
iranian;Iranian;iranien;Iranisch;;Irania;;;;;;;;;x
persian;Persian;perse;Persisch;;Persa;;;;;;;;;x
sogdian;Sogdian;sogdienne;Sogdien;;Sogdiana;;;;;;;;;x
tocharian;Tocharian;tokharienne;Tocharisch;;Tocaria;;;;;;;;;x
kurdish;Kurdish;kurde;Kurdisch;;Kurda;;;;;;;;;x
afghan;Afghan;afghane;Afghanisch;;Afgano;;;;;;;;;x
baloch;Baloch;baloutche;Balochisch;;Afgana;;;;;;;;;x
saka;Saka;saka;;;;;;;;;;;;x
east_african;East African;est-africain;Ostafrikanisch;;Africana Oriental;;;;;;;;;x
ethiopian;Ethiopian;éthiopienne;Äthiopisch;;Etíope;;;;;;;;;x
somali;Somali;somalienne;Somalisch;;Somalí;;;;;;;;;x
somali_FEATURES;§Y*§! Eligible for the §YDesert Nomadic§! government.;;;;;;;;;;;;;x
nubian;Nubian;nubienne;Nubisch;;Nubia;;;;;;;;;x
daju;Daju;daju;;;;;;;;;;;;x
central_african;Central African;central africain;Zentralafrikanisch;;Centroafricana;;;;;;;;;x
kanuri;Kanuri;kanouri;;;;;;;;;;;;x
hausa;Hausa;haoussa;;;;;;;;;;;;x
zaghawa;Zaghawa;zaghawa;;;;;;;;;;;;x
west_african;West African;ouest-africain;Westafrikanisch;;Africana Occidental;;;;;;;;;x
mande;Mandé;mandée;;;;;;;;;;;;x
songhay;Songhay;songhaï;Songhai;;Songhai;;;;;;;;;x
soninke;Soninke;soninké;;;Soninké;;;;;;;;;x
mesoamerican;Mesoamerican;méso-américain;Mesoamerikanisch;;Mesoamericano;;;;;;;;;x
nahua;Nahua;nahua;;;;;;;;;;;;x
israelite;Israelite;israélite;Israelit;;Israelita;;;;;;;;;x
ashkenazi;Ashkenazi;ashkénaze;Ashkenasio;;Asquenazí;;;;;;;;;x
sephardi;Sephardi;séfarade;Sepharde;;Sefardí;;;;;;;;;x
indo_aryan_group;Indo-Aryan;indo-aryen;Indo-Aryanisch;;Indoaria;;;;;;;;;x
bengali;Bengali;bengale;Bengalisch;;Bengalí;;;;;;;;;x
oriya;Oriya;oriya;Oriyaisch;;;;;;;;;;;x
assamese;Assamese;assamaise;Assamesisch;;Asamesa;;;;;;;;;x
hindustani;Hindustani;hindoustanaise;Hindustanisch;;Indostánica;;;;;;;;;x
gujarati;Gujarati;gujarati;Gujaratisch;;Guyaratí;;;;;;;;;x
panjabi;Panjabi;pendjabi;Panjabisch;;Panyabi;;;;;;;;;x
rajput;Rajput;rajput;Rajputisch;;;;;;;;;;;x
sindhi;Sindhi;sindhi;Sindhisch;;;;;;;;;;;x
marathi;Marathi;marathi;Marathisch;;Maratí;;;;;;;;;x
sinhala;Sinhala;sinhala;Sinhalaisch;;Cingalesa;;;;;;;;;x
nepali;Nepali;népalaise;;;Nepalí;;;;;;;;;x
dravidian_group;Dravidian;dravidien;Dravidianisch;;Dravídica;;;;;;;;;x
tamil;Tamil;tamoule;Tamilisch;;;;;;;;;;;x
telugu;Telugu;télougou;Telugisch;;Télugu;;;;;;;;;x
kannada;Kannada;kannada;Kannadisch;;Canaresa;;;;;;;;;x
tibetan_group;Tibetan;;;;;;;;;;;;;x
bodpa;Bödpa;bödpa;Bödpa;;Bödpa;;;;;;;;;x
bodpa_FEATURES;§Y*§! Unlocks access to the §YMonastic Feudal§! government if §YBuddhist§!.;;;;;;;;;;;;;x
tangut;Tangut;tangoute;Tangutisch;;;;;;;;;;;x
tangut_FEATURES;§Y*§! Unlocks access to the §YMonastic Feudal§!, §YChinese Imperial§!, and §YImperial Warlord§! governments if §YBuddhist§!.;;;;;;;;;;;;;x
zhangzhung;Zhangzhung;zhangzhung;;;;;;;;;;;;x
zhangzhung_FEATURES;§Y*§! Unlocks access to the §YMonastic Feudal§! government if §YBuddhist§!.;;;;;;;;;;;;;x
sumpa;Sumpa;sumpa;;;;;;;;;;;;x
sumpa_FEATURES;§Y*§! Unlocks access to the §YMonastic Feudal§! government if §YBuddhist§!.;;;;;;;;;;;;;x
chinese_group;Chinese;chinois;Chinesisch;;China;;;;;;;;;x
chinese_group_FEATURES;§Y*§! Unlocks access to various Chinese governments if §YBuddhist§!.;;;;;;;;;;;;;x
han;Han;han;Hanisch;;Han;;;;;;;;;x

# Tribe names
TRIBAL_NAME_PROV_CLAN;$PROV$ Clan;Clan de $PROV$;Clan von $PROV$;;Clan de $PROV$;;;;;;;;;x

# Unused
abghazian;Abkhazian;abkhazienne;Abchasisch;;Abjaza;;;;;;;;;x
basmyl;Basmyl;basmile;Basmilen;;;;;;;;;;;x
buryat;Buryat;bouriate;Burjaten;;Buriata;;;;;;;;;x
chigil;Chigil;chigile;Tschigil;;;;;;;;;;;x
khalka;Khalka;khalkha;Chalcha;;;;;;;;;;;x
naiman;Naiman;naïmane;Naimanen;;Naimana;;;;;;;;;x
oirat;Oirat;oïrate;;;Oirate;;;;;;;;;x
yagma;Yagma;yagma;;;;;;;;;;;;x