DACHANGHE;Da Changhe;;;;;;;;;;;;;x
DAIVIET;Dai Viet;;;;;;;;;;;;;x
DATIANXING;Da Tianxing;;;;;;;;;;;;;x
DAYINING;Da Yining;;;;;;;;;;;;;x
DAZHONG;Da Zhong;;;;;;;;;;;;;x
GOGURYEO;Goguryeo;;;;;;;;;;;;;x
HANTHAWADDY;Hanthawaddy;;;;;;;;;;;;;x
HUBAEKJE;Hubaekje;;;;;;;;;;;;;x
NANZHAO;Nanzhao;;;;;;;;;;;;;x
WUYUE;Wuyue;;;;;;;;;;;;;x
YUNNAN;Yunnan;;;;;;;;;;;;;x

GREAT_BA;Great Ba;;;;;;;;;;;;;x
BA;Ba;;;;;;;;;;;;;x
GREAT_BEI;Great Bei;;;;;;;;;;;;;x
BEI;Bei;;;;;;;;;;;;;x
GREAT_BI;Great Bi;;;;;;;;;;;;;x
BI;Bi;;;;;;;;;;;;;x
GREAT_BING;Great Bing;;;;;;;;;;;;;x
BING;Bing;;;;;;;;;;;;;x
GREAT_CAI;Great Cai;;;;;;;;;;;;;x
CAI;Cai;;;;;;;;;;;;;x
GREAT_CAO;Great Cao;;;;;;;;;;;;;x
CAO;Cao;;;;;;;;;;;;;x
GREAT_CHAO;Great Chao;;;;;;;;;;;;;x
CHAO;Chao;;;;;;;;;;;;;x
GREAT_CHEN;Great Chen;;;;;;;;;;;;;x
CHEN;Chen;;;;;;;;;;;;;x
GREAT_CHENG;Great Cheng;;;;;;;;;;;;;x
CHENG;Cheng;;;;;;;;;;;;;x
GREAT_CHU;Great Chu;;;;;;;;;;;;;x
CHU;Chu;;;;;;;;;;;;;x
GREAT_DAI;Great Dai;;;;;;;;;;;;;x
DAI;Dai;;;;;;;;;;;;;x
GREAT_DAO;Great Dao;;;;;;;;;;;;;x
DAO;Dao;;;;;;;;;;;;;x
GREAT_DENG;Great Deng;;;;;;;;;;;;;x
DENG;Deng;;;;;;;;;;;;;x
GREAT_DI;Great Di;;;;;;;;;;;;;x
DI;Di;;;;;;;;;;;;;x
GREAT_DING;Great Ding;;;;;;;;;;;;;x
DING;Ding;;;;;;;;;;;;;x
GREAT_EEE;Great E;;;;;;;;;;;;;x
EEE;E;;;;;;;;;;;;;x
GREAT_EMEI;Great Emei;;;;;;;;;;;;;x
EMEI;Emei;;;;;;;;;;;;;x
GREAT_FAN;Great Fan;;;;;;;;;;;;;x
FAN;Fan;;;;;;;;;;;;;x
GREAT_GAN;Great Gan;;;;;;;;;;;;;x
GAN;Gan;;;;;;;;;;;;;x
GREAT_GAO;Great Gao;;;;;;;;;;;;;x
GAO;Gao;;;;;;;;;;;;;x
GREAT_GE;Great Ge;;;;;;;;;;;;;x
GE;Ge;;;;;;;;;;;;;x
GREAT_GONG;Great Gong;;;;;;;;;;;;;x
GONG;Gong;;;;;;;;;;;;;x
GREAT_GUANG;Great Guang;;;;;;;;;;;;;x
GUANG;Guang;;;;;;;;;;;;;x
GREAT_GUO;Great Guo;;;;;;;;;;;;;x
GUO;Guo;;;;;;;;;;;;;x
GREAT_HAN;Great Han;;;;;;;;;;;;;x
HAN;Han;;;;;;;;;;;;;x
GREAT_HENG;Great Heng;;;;;;;;;;;;;x
HENG;Heng;;;;;;;;;;;;;x
GREAT_HU;Great Hu;;;;;;;;;;;;;x
HU;Hu;;;;;;;;;;;;;x
GREAT_HUA;Great Hua;;;;;;;;;;;;;x
HUA;Hua;;;;;;;;;;;;;x
GREAT_HUANG;Great Huang;;;;;;;;;;;;;x
HUANG;Huang;;;;;;;;;;;;;x
GREAT_HUO;Great Huo;;;;;;;;;;;;;x
HUO;Huo;;;;;;;;;;;;;x
GREAT_JI;Great Ji;;;;;;;;;;;;;x
JI;Ji;;;;;;;;;;;;;x
GREAT_JIA;Great Jia;;;;;;;;;;;;;x
JIA;Jia;;;;;;;;;;;;;x
GREAT_JIANG;Great Jiang;;;;;;;;;;;;;x
JIANG;Jiang;;;;;;;;;;;;;x
GREAT_JIE;Great Jie;;;;;;;;;;;;;x
JIE;Jie;;;;;;;;;;;;;x
GREAT_JIN;Great Jin;;;;;;;;;;;;;x
JIN;Jin;;;;;;;;;;;;;x
GREAT_JING;Great Jing;;;;;;;;;;;;;x
JING;Jing;;;;;;;;;;;;;x
GREAT_JU;Great Ju;;;;;;;;;;;;;x
JU;Ju;;;;;;;;;;;;;x
GREAT_LAI;Great Lai;;;;;;;;;;;;;x
LAI;Lai;;;;;;;;;;;;;x
GREAT_LAN;Great Lan;;;;;;;;;;;;;x
LAN;Lan;;;;;;;;;;;;;x
GREAT_LIANG;Great Liang;;;;;;;;;;;;;x
LIANG;Liang;;;;;;;;;;;;;x
GREAT_LIAO;Great Liao;;;;;;;;;;;;;x
LIAO;Liao;;;;;;;;;;;;;x
GREAT_LIU;Great Liu;;;;;;;;;;;;;x
LIU;Liu;;;;;;;;;;;;;x
GREAT_LONG;Great Long;;;;;;;;;;;;;x
LONG;Long;;;;;;;;;;;;;x
GREAT_LU;Great Lu;;;;;;;;;;;;;x
LU;Lu;;;;;;;;;;;;;x
GREAT_LUO;Great Luo;;;;;;;;;;;;;x
LUO;Luo;;;;;;;;;;;;;x
GREAT_LU2;Great Lü;;;;;;;;;;;;;x
LU2;Lü;;;;;;;;;;;;;x
GREAT_MAO;Great Mao;;;;;;;;;;;;;x
MAO;Mao;;;;;;;;;;;;;x
GREAT_MIN;Great Min;;;;;;;;;;;;;x
MIN;Min;;;;;;;;;;;;;x
GREAT_MING;Great Ming;;;;;;;;;;;;;x
MING;Ming;;;;;;;;;;;;;x
GREAT_MIU;Great Miu;;;;;;;;;;;;;x
MIU;Miu;;;;;;;;;;;;;x
GREAT_NI;Great Ni;;;;;;;;;;;;;x
NI;Ni;;;;;;;;;;;;;x
GREAT_PANG;Great Pang;;;;;;;;;;;;;x
PANG;Pang;;;;;;;;;;;;;x
GREAT_PENG;Great Peng;;;;;;;;;;;;;x
PENG;Peng;;;;;;;;;;;;;x
GREAT_PI;Great Pi;;;;;;;;;;;;;x
PI;Pi;;;;;;;;;;;;;x
GREAT_PING;Great Ping;;;;;;;;;;;;;x
PING;Ping;;;;;;;;;;;;;x
GREAT_QI;Great Qi;;;;;;;;;;;;;x
QI;Qi;;;;;;;;;;;;;x
GREAT_QIN;Great Qin;;;;;;;;;;;;;x
QIN;Qin;;;;;;;;;;;;;x
GREAT_QING;Great Qing;;;;;;;;;;;;;x
QING;Qing;;;;;;;;;;;;;x
GREAT_QUAN;Great Quan;;;;;;;;;;;;;x
QUAN;Quan;;;;;;;;;;;;;x
GREAT_REN;Great Ren;;;;;;;;;;;;;x
REN;Ren;;;;;;;;;;;;;x
GREAT_RUI;Great Rui;;;;;;;;;;;;;x
RUI;Rui;;;;;;;;;;;;;x
GREAT_RUO;Great Ruo;;;;;;;;;;;;;x
RUO;Ruo;;;;;;;;;;;;;x
GREAT_SAISAI;Great Sai;;;;;;;;;;;;;x
SAISAI;Sai;;;;;;;;;;;;;x
GREAT_SHAN;Great Shan;;;;;;;;;;;;;x
SHAN;Shan;;;;;;;;;;;;;x
GREAT_SHANG;Great Shang;;;;;;;;;;;;;x
SHANG;Shang;;;;;;;;;;;;;x
GREAT_SHAO;Great Shao;;;;;;;;;;;;;x
SHAO;Shao;;;;;;;;;;;;;x
GREAT_SHEN;Great Shen;;;;;;;;;;;;;x
SHEN;Shen;;;;;;;;;;;;;x
GREAT_SHU;Great Shu;;;;;;;;;;;;;x
SHU;Shu;;;;;;;;;;;;;x
GREAT_SHUN;Great Shun;;;;;;;;;;;;;x
SHUN;Shun;;;;;;;;;;;;;x
GREAT_SONG;Great Song;;;;;;;;;;;;;x
SONG;Song;;;;;;;;;;;;;x
GREAT_SU;Great Su;;;;;;;;;;;;;x
SU;Su;;;;;;;;;;;;;x
GREAT_SUI;Great Sui;;;;;;;;;;;;;x
SUI;Sui;;;;;;;;;;;;;x
GREAT_TAI;Great Tai;;;;;;;;;;;;;x
TAI;Tai;;;;;;;;;;;;;x
GREAT_TAN;Great Tan;;;;;;;;;;;;;x
TAN;Tan;;;;;;;;;;;;;x
GREAT_TANG;Great Tang;;;;;;;;;;;;;x
TANG;Tang;;;;;;;;;;;;;x
GREAT_TENG;Great Teng;;;;;;;;;;;;;x
TENG;Teng;;;;;;;;;;;;;x
GREAT_TIAN;Great Tian;;;;;;;;;;;;;x
TIAN;Tian;;;;;;;;;;;;;x
GREAT_WEI;Great Wei;;;;;;;;;;;;;x
WEI;Wei;;;;;;;;;;;;;x
GREAT_WEN;Great Wen;;;;;;;;;;;;;x
WEN;Wen;;;;;;;;;;;;;x
GREAT_WUWU;Great Wu;;;;;;;;;;;;;x
WUWU;Wu;;;;;;;;;;;;;x
GREAT_XI;Great Xi;;;;;;;;;;;;;x
XI;Xi;;;;;;;;;;;;;x
GREAT_XIA;Great Xia;;;;;;;;;;;;;x
XIA;Xia;;;;;;;;;;;;;x
GREAT_XIAN;Great Xian;;;;;;;;;;;;;x
XIAN;Xian;;;;;;;;;;;;;x
GREAT_XIANG;Great Xiang;;;;;;;;;;;;;x
XIANG;Xiang;;;;;;;;;;;;;x
GREAT_XIE;Great Xie;;;;;;;;;;;;;x
XIE;Xie;;;;;;;;;;;;;x
GREAT_XIN;Great Xin;;;;;;;;;;;;;x
XIN;Xin;;;;;;;;;;;;;x
GREAT_XING;Great Xing;;;;;;;;;;;;;x
XING;Xing;;;;;;;;;;;;;x
GREAT_XU;Great Xu;;;;;;;;;;;;;x
XU;Xu;;;;;;;;;;;;;x
GREAT_XUE;Great Xue;;;;;;;;;;;;;x
XUE;Xue;;;;;;;;;;;;;x
GREAT_YAN;Great Yan;;;;;;;;;;;;;x
YAN;Yan;;;;;;;;;;;;;x
GREAT_YANG;Great Yang;;;;;;;;;;;;;x
YANG;Yang;;;;;;;;;;;;;x
GREAT_YIN;Great Yin;;;;;;;;;;;;;x
YIN;Yin;;;;;;;;;;;;;x
GREAT_YING;Great Ying;;;;;;;;;;;;;x
YING;Ying;;;;;;;;;;;;;x
GREAT_YONG;Great Yong;;;;;;;;;;;;;x
YONG;Yong;;;;;;;;;;;;;x
GREAT_YOUYOU;Great You;;;;;;;;;;;;;x
YOUYOU;You;;;;;;;;;;;;;x
GREAT_YU;Great Yu;;;;;;;;;;;;;x
YU;Yu;;;;;;;;;;;;;x
GREAT_YUAN;Great Yuan;;;;;;;;;;;;;x
YUAN;Yuan;;;;;;;;;;;;;x
GREAT_YUE;Great Yue;;;;;;;;;;;;;x
YUE;Yue;;;;;;;;;;;;;x
GREAT_ZENG;Great Zeng;;;;;;;;;;;;;x
ZENG;Zeng;;;;;;;;;;;;;x
GREAT_ZHAN;Great Zhan;;;;;;;;;;;;;x
ZHAN;Zhan;;;;;;;;;;;;;x
GREAT_ZHANG;Great Zhang;;;;;;;;;;;;;x
ZHANG;Zhang;;;;;;;;;;;;;x
GREAT_ZHAO;Great Zhao;;;;;;;;;;;;;x
ZHAO;Zhao;;;;;;;;;;;;;x
GREAT_ZHENG;Great Zheng;;;;;;;;;;;;;x
ZHENG;Zheng;;;;;;;;;;;;;x
GREAT_ZHONG;Great Zhong;;;;;;;;;;;;;x
ZHONG;Zhong;;;;;;;;;;;;;x
GREAT_ZHOU;Great Zhou;;;;;;;;;;;;;x
ZHOU;Zhou;;;;;;;;;;;;;x
GREAT_ZHU;Great Zhu;;;;;;;;;;;;;x
ZHU;Zhu;;;;;;;;;;;;;x
GREAT_ZHUAN;Great Zhuan;;;;;;;;;;;;;x
ZHUAN;Zhuan;;;;;;;;;;;;;x
GREAT_ZOU;Great Zou;;;;;;;;;;;;;x
ZOU;Zou;;;;;;;;;;;;;x