EVTDESCA_SOH_13301;As I separate out the yarrow stalk I will not be using and start sorting them into piles I try to recall what I have read in the I Ching in the past so that I may interpret the result of the divination correctly. I also consider what I should try to divine...;;;;;;;;;;;;;x
EVTDESCB_SOH_13301;As I separate out the yarrow stalk I will not be using and start sorting them into piles I glance over at my copy of the I Ching, safe in the knowledge that I will be able to interpret the result of the divination correctly. I also consider what I should try to divine...;;;;;;;;;;;;;x
EVTOPTA_SOH_13301;I want to know about battles to come.;;;;;;;;;;;;;x
EVTOPTB_SOH_13301;I want to know where my relationships will lead.;;;;;;;;;;;;;x
EVTOPTC_SOH_13301;I want to know what will happen to me as [Root.GetTitle].;;;;;;;;;;;;;x
EVTDESCA_SOH_13302_BATTLE;The hexagram generated using the yarrow stalks comes out leaning heavily towards the Yang side of things. I consider the implications of the commentary related to the specific outcome and how it applies to the field of battle.;;;;;;;;;;;;;x
EVTDESCB_SOH_13302_BATTLE;The hexagram generated using the yarrow stalks is a roughly even mix of Yin and Yang. I consider the implications of the commentary related to the specific outcome and how it applies to the field of battle.;;;;;;;;;;;;;x
EVTDESCC_SOH_13302_BATTLE;The hexagram generated using the yarrow stalks comes out leaning heavily towards the Yin side of things. I consider the implications of the commentary related to the specific outcome and how it applies to the field of battle.;;;;;;;;;;;;;x
EVTDESCA_SOH_13302_POWER;The hexagram generated using the yarrow stalks comes out leaning heavily towards the Yang side of things. I consider the implications of the commentary related to the specific outcome and how it applies to ruling a [Root.PrimaryTitle.GetTier].;;;;;;;;;;;;;x
EVTDESCB_SOH_13302_POWER;The hexagram generated using the yarrow stalks is a roughly even mix of Yin and Yang. I consider the implications of the commentary related to the specific outcome and how it applies to ruling a [Root.PrimaryTitle.GetTier].;;;;;;;;;;;;;x
EVTDESCC_SOH_13302_POWER;The hexagram generated using the yarrow stalks comes out leaning heavily towards the Yin side of things. I consider the implications of the commentary related to the specific outcome and how it applies to ruling a [Root.PrimaryTitle.GetTier].;;;;;;;;;;;;;x
EVTDESCA_SOH_13302_RELATIONSHIP;The hexagram generated using the yarrow stalks comes out leaning heavily towards the Yang side of things. I consider the implications of the commentary related to the specific outcome and how it applies to relationships.;;;;;;;;;;;;;x
EVTDESCB_SOH_13302_RELATIONSHIP;The hexagram generated using the yarrow stalks is a roughly even mix of Yin and Yang. I consider the implications of the commentary related to the specific outcome and how it applies to relationships.;;;;;;;;;;;;;x
EVTDESCC_SOH_13302_RELATIONSHIP;The hexagram generated using the yarrow stalks comes out leaning heavily towards the Yin side of things. I consider the implications of the commentary related to the specific outcome and how it applies to relationships.;;;;;;;;;;;;;x
EVTOPTA_SOH_13302;Marvelous! This predicts a glorious future!;;;;;;;;;;;;;x
EVTOPTB_SOH_13302;Damnation! This predicts a looming disaster!;;;;;;;;;;;;;x
EVTDESCA_SOH_13303;The battle is fierce and I have gained new skills! The future I divined in the past certainly was accurate! My personal guard are being left behind as I charge into battle. I am amazing!;;;;;;;;;;;;;x
EVTDESCB_SOH_13303;The battle rages on and I am surprised by every arrow that I deflect and by every blow that misses me. I have been waiting for something terrible to happen, yet [Root.TrueReligion.GetHighGodName] does not seem finished with me. I suppose there is a chance that I have misinterpreted the outcome of my earlier divination.;;;;;;;;;;;;;x
EVTOPTA_SOH_13303;The Heavens watch over us!;;;;;;;;;;;;;x
EVTOPTB_SOH_13303;We will not be overcome!;;;;;;;;;;;;;x
EVTOPTC_SOH_13303;With me!;;;;;;;;;;;;;x
EVTDESCA_SOH_13304;As the battle rages on, I am not surprised by the heavy losses we are taking. Every arrow that sears over my head makes my pulse quicken. Just as I am becoming convinced that this is the battle I divined would not go in my favour, I stumble from a sharp pain in my leg. An arrows sticks out from my knee.;;;;;;;;;;;;;x
EVTDESCB_SOH_13304;We have been fighting this war for what feels like an eternity and I fail to see how anything good can come of all this bloodshed. Just as I am beginning to think that I misinterpreted the future I divined, I am hit by something, hard. An arrow sticks out from my knee.;;;;;;;;;;;;;x
EVTOPTA_SOH_13304;At least I was right.;;;;;;;;;;;;;x
EVTOPTB_SOH_13304;Curses! Where is the glory in this?;;;;;;;;;;;;;x
EVTDESCA_SOH_13305;I meet the stare of my newborn [From.GetSonDaughter] for the first time and it is clear that I divined the future correctly! Rarely have I seen such clear signs of intelligence and ambition in one so young. [From.GetFirstName] is the child that was promised!;;;;;;;;;;;;;x
EVTDESCB_SOH_13305;I am not sure what I was expecting, but this child blinks at me with the most curious eyes. I suddenly feel all my worries wash away. I must have misinterpreted the outcome of my divination.;;;;;;;;;;;;;x
EVTOPTA_SOH_13305;I knew it!;;;;;;;;;;;;;x
EVTOPTB_SOH_13305;I will be the first to admit I was wrong.;;;;;;;;;;;;;x
EVTDESCA_SOH_13306;My worst fears have come true. Behind the dull stare of my newborn baby [From.GetSonDaughter] there can be little in the way of brilliance or even ability. In time I will know for sure but I am already convinced that this is the bad future I divined.;;;;;;;;;;;;;x
EVTDESCB_SOH_13306;I am not sure what I was expecting, but this newborn child blinks at me with the dullest of eyes. I feel my confidence wane as I hold [From.GetHerHim] and I soon give [From.GetHerHim] back to the nurse. I must have misinterpreted the outcome of my divination.;;;;;;;;;;;;;x
EVTOPTA_SOH_13306;There is scarce consolation in this accomplishment.;;;;;;;;;;;;;x
EVTOPTB_SOH_13306;Even a [Root.GetTitle] can be wrong.;;;;;;;;;;;;;x;;;;;;;;;;;;;x
EVTDESCA_SOH_13309;My lover has passed away. I knew it would happen.;;;;;;;;;;;;;x
EVTDESCB_SOH_13309;My lover has passed away. Was this how the outcome of my divination was to be interpreted? How was I to know? Oh, woe is me.;;;;;;;;;;;;;x
EVTOPTA_SOH_13309;Even knowing the future, I could not prevent it.;;;;;;;;;;;;;x
EVTOPTB_SOH_13309;I must have misinterpreted the outcome of my divination. I will do better next time.;;;;;;;;;;;;;x
EVTDESCA_SOH_13310;My dear friend has passed. I knew it would happen.;;;;;;;;;;;;;x
EVTDESCB_SOH_13310;My dear friend has passed. Was this how the outcome of my divination was to be interpreted? How was I to know? Oh, woe is me.;;;;;;;;;;;;;x
EVTOPTA_SOH_13310;Even knowing the future, I could not prevent it.;;;;;;;;;;;;;x
EVTOPTB_SOH_13310;A heavy price, but I must have misinterpreted the outcome of my divination.;;;;;;;;;;;;;x
EVTDESCA_SOH_13311;Hah! My rival has passed. I knew it would happen.;;;;;;;;;;;;;x
EVTDESCB_SOH_13311;My rival has passed. And here I thought something bad would happen!;;;;;;;;;;;;;x
EVTOPTA_SOH_13311;Even knowing the future, I could not predict this overwhelming joy.;;;;;;;;;;;;;x
EVTOPTB_SOH_13311;I am glad I was wrong!;;;;;;;;;;;;;x
EVTDESCA_SOH_13312;My [soh_divination_dead.GetFatherMother] has passed. I knew it would happen.;;;;;;;;;;;;;x
EVTDESCB_SOH_13312;My [soh_divination_dead.GetFatherMother] has passed. Was this how the outcome of my divination was to be interpreted? How was I to know? Oh, woe is me.;;;;;;;;;;;;;x
EVTOPTA_SOH_13312;Even knowing the future, I could not prevent it.;;;;;;;;;;;;;x
EVTOPTB_SOH_13312;A heavy price, but I must have misinterpreted the outcome of my divination.;;;;;;;;;;;;;x
EVTDESCA_SOH_13313;My [soh_divination_dead.GetSonDaughter] has passed. I knew it would happen.;;;;;;;;;;;;;x
EVTDESCB_SOH_13313;My [soh_divination_dead.GetSonDaughter] has passed. Was this how the outcome of my divination was to be interpreted? How was I to know? Oh, woe is me.;;;;;;;;;;;;;x
EVTOPTA_SOH_13313;Even knowing the future, I could not prevent it.;;;;;;;;;;;;;x
EVTOPTB_SOH_13313;A heavy price, but I must have misinterpreted the outcome of my divination.;;;;;;;;;;;;;x
EVTDESCA_SOH_13315;Not much time has passed since... my beloved pet passed. Having thought about it, I realize that this must be the bad future I divined...;;;;;;;;;;;;;x
EVTDESCA_SOH_13315_lunatic;Not much time has passed since... my pet passed. Having thought about it, I have become certain that this is the bad future I divined. Perhaps there was a curse, and the divination warned me about it. Oh, that poor little ball of fluff.;;;;;;;;;;;;;x
EVTDESCB_SOH_13315;Not much time has passed since my pet died. Was this how the outcome of my divination was to be interpreted? How was I to know? Oh, woe is me.;;;;;;;;;;;;;x
EVTDESCB_SOH_13315_lunatic;It has not been long since my pet left this world. I'm beginning to think it was no curse, but perhaps it was I? WHAT IF I FORETOLD ITS DEMISE?;;;;;;;;;;;;;x
EVTOPTA_SOH_13315_cat;Oh, my dear cat. Even knowing the future, I could not prevent it.;;;;;;;;;;;;;x
EVTOPTB_SOH_13315_cat;Oh, my dear cat. I must strive to get better at interpreting my divinations.;;;;;;;;;;;;;x
EVTOPTA_SOH_13315_dog;Oh, my dear dog. Even knowing the future, I could not prevent it.;;;;;;;;;;;;;x
EVTOPTB_SOH_13315_dog;Oh, my dear dog. I must strive to get better at interpreting my divinations.;;;;;;;;;;;;;x
EVTOPTA_SOH_13315_other;Oh, my darling... Even knowing the future, I could not prevent it.;;;;;;;;;;;;;x
EVTOPTB_SOH_13315_other;Oh, my darling. I must strive to get better at interpreting my divinations.;;;;;;;;;;;;;x
EVTDESCA_SOH_13316;I have gained the [From.GetFullName]! I knew something good would happen!;;;;;;;;;;;;;x
EVTDESCB_SOH_13316;I have gained the [From.GetFullName]! This is... not what I expected.;;;;;;;;;;;;;x
EVTOPTA_SOH_13316;About time!;;;;;;;;;;;;;x
EVTOPTB_SOH_13316;At least I don't have to worry about the future anymore.;;;;;;;;;;;;;x
EVTDESCA_SOH_13319;I have lost the [FromFromFrom.GetFullName]! I knew something bad would happen!;;;;;;;;;;;;;x
EVTDESCB_SOH_13319;I have lost the [FromFromFrom.GetFullName]! This is... not what I expected.;;;;;;;;;;;;;x
EVTOPTA_SOH_13319;At least I don't have to worry about the future anymore.;;;;;;;;;;;;;x
EVTOPTB_SOH_13319;I guess I was wrong about the future awaiting me.;;;;;;;;;;;;;x
EVTDESCA_SOH_13320;So I suppose the bad future I divined was me having [Root.GetDisease]. I knew something bad would happen!;;;;;;;;;;;;;x
EVTDESCB_SOH_13320;So I suppose the future I divined actually was me having [Root.GetDisease]. That could have been clearer, I think!;;;;;;;;;;;;;x
EVTOPTA_SOH_13320;At least I don't have to worry about the future anymore.;;;;;;;;;;;;;x
EVTOPTB_SOH_13320;I guess I was wrong about it being something positive.;;;;;;;;;;;;;x
EVTDESCA_SOH_13321;So I suppose the bad future I divined was my [GetFromRelation] having [From.GetDisease]. I knew something bad would happen!;;;;;;;;;;;;;x
EVTDESCB_SOH_13321;So I suppose the future I divined actually was my [GetFromRelation] having [From.GetDisease]... That could have been clearer, I think!;;;;;;;;;;;;;x
EVTDESCC_SOH_13321;So I suppose the bad future I divined was how I was to get [From.GetDisease]. I knew something bad would happen!;;;;;;;;;;;;;x
EVTDESCD_SOH_13321;So I suppose the future I divined actually was how I was to get [From.GetDisease]... That could have been clearer, I think!;;;;;;;;;;;;;x
EVTOPTA_SOH_13321;At least I don't have to worry about the future anymore.;;;;;;;;;;;;;x
EVTOPTB_SOH_13321;I guess I was wrong about it being something positive.;;;;;;;;;;;;;x
EVTDESCA_SOH_13322;So I suppose the good future I divined was me being cured of my disease! I knew something good would happen!;;;;;;;;;;;;;x
EVTDESCB_SOH_13322;So I suppose the future I divined actually was me having rid myself of disease? That could have been clearer, I think!;;;;;;;;;;;;;x
EVTOPTA_SOH_13322;I was never worried.;;;;;;;;;;;;;x
EVTOPTB_SOH_13322;I guess I was wrong about it being something negative.;;;;;;;;;;;;;x
EVTDESCA_SOH_13323;So I suppose the good future I divined was my [GetFromRelation] combating [From.GetHerHis] disease. I knew something good would happen!;;;;;;;;;;;;;x
EVTDESCB_SOH_13323;So I am starting to think that the future I divined actually was my [GetFromRelation] combating [From.GetHerHis] disease...;;;;;;;;;;;;;x
EVTOPTA_SOH_13323;I was never worried.;;;;;;;;;;;;;x
EVTOPTB_SOH_13323;I guess I was wrong about it being something negative?;;;;;;;;;;;;;x
EVTDESCA_SOH_13324;One of my hunting parties caught a great white boar today. [Root.TrueReligion.GetHighGodName] must have sent us this creature, as it took ten men to bring the beast down, and the effect it has had on my soldiers is clearly the boon I have been waiting for. 'Songs are already being composed, my [Root.GetLordLady]', a captain tells me.;;;;;;;;;;;;;x
EVTDESCB_SOH_13324;One of my hunting parties caught a great white boar today. I am told it took ten men to bring the beast down, and rumors of the effect it has had on my soldiers is already spreading through court. 'Songs are already being composed, my [Root.GetLordLady]', a captain tells me. This certainly goes against my expectations...;;;;;;;;;;;;;x
EVTDESCC_SOH_13324;I am not sure whether it is a new-found interest in [envisioned_friend.GetEducationSubject] that we have been connecting over, or simply the infectious laughter of [envisioned_friend.GetTitledFirstName], but we are spending more and more time together. I feel like we are bonding, like true friends!;;;;;;;;;;;;;x
EVTDESCD_SOH_13324;I am not sure whether it is a new-found interest in [envisioned_friend.GetEducationSubject], or if there is something about [envisioned_friend.GetHerHis] [envisioned_friend.GetFriendEnjoyableQuirk], but I am really connecting with [envisioned_friend.GetTitledFirstName]. We have been spending more and more time together, and I think [envisioned_friend.GetSheHe] makes me a better [Root.GetTitle].;;;;;;;;;;;;;x
EVTDESCE_SOH_13324;I am told a peculiar tale of an owl, which has taken up residence under the roofing of one of our barracks. The guards have tried chasing it off, but it keeps returning. "Perhaps it is meant for me?" I offer to one of my advisors, who responds: "My distinguished [Root.GetLordLady], it would make for a very distinguished pet...";;;;;;;;;;;;;x
EVTDESCF_SOH_13324;I am told of an owl having taken up residence under the roofing of our barracks. One of my advisors suggest I make it a pet. But should not my divinations have revealed something specific about it, if this creature is what it was about? 'Do not dwell on this, [Root.GetMasterMistress]', my steward says, handing me the caged bird.;;;;;;;;;;;;;x
EVTOPTA_SOH_13324_battle;I knew it!;;;;;;;;;;;;;x
EVTOPTB_SOH_13324_battle;How unexpected!;;;;;;;;;;;;;x
EVTOPTA_SOH_13324_power;An owl will surely grant me wisdom!;;;;;;;;;;;;;x
EVTOPTB_SOH_13324_power;How did I not predict this?;;;;;;;;;;;;;x
EVTOPTA_SOH_13324_relationship;My divination has hinted at this, all along, I think.;;;;;;;;;;;;;x
EVTOPTB_SOH_13324_relationship;I clearly did not interpret my divination correctly, but I don't even mind!;;;;;;;;;;;;;x
EVTDESCA_SOH_13325;During a hunt I am struck by the beauty of a white stag. However, the joy is short-lived as the magnificent beast charges at me. I am suddenly reminded of the terrible future I divined, and I yank the reins of my horse tight in retreat. "Protect the [Root.GetTitle]!" I hear, just before the sound of a flying arrow is cut short. I groan.;;;;;;;;;;;;;x
EVTDESCB_SOH_13325;During a hunt I am struck by the beauty of a white stag. However, the joy is short-lived as the magnificent beast charges at me. Suddenly reminded of the wonderful future I divined, I attempt to stare the beast down. To my surprise, it has no effect. "Protect the [Root.GetTitle]!" I hear, just before the sound of a flying arrow is cut short. I groan.;;;;;;;;;;;;;x
EVTDESCC_SOH_13325;[envisioned_rival.GetTitledFirstName] has been overheard spreading foul gossip about me. I am not certain what I did to deserve this treatment, but remembering the future I divined, I have decided not to fight it. Perhaps [envisioned_rival.GetHerHis] vile feelings towards me are simply the will of the Heavens?;;;;;;;;;;;;;x
EVTDESCD_SOH_13325;[envisioned_rival.GetTitledFirstName] has been overheard spreading foul gossip about me. I am not certain what I did to deserve this treatment, but remembering the future I divined, I am beginning to doubt my interpretation of it. Perhaps [envisioned_rival.GetHerHis] hostility is simply the will of the Heavens?;;;;;;;;;;;;;x
EVTDESCE_SOH_13325;There has been a merchant visiting [Root.Capital.Capital.GetName] recently. At first it seemed that their odd trinkets and potions were simply the works of a wandering herbalist. However, it appears that the man has swindled several of my subjects for money, using fearful tales of necessary wards and rituals to be performed, 'lest demons will beset us all.;;;;;;;;;;;;;x
EVTDESCF_SOH_13325;There has been a merchant visiting [Root.Capital.Capital.GetName] recently. Recalling the future I divined, I initially reacted well to this wandering herbalist, as he seemed to be providing comfort to my subjects, with his trinkets and curious concoctions. However, it appears that the man has swindled several of my subjects for money, threatening that demons will beset us all unless his goods are bought.;;;;;;;;;;;;;x
EVTOPTA_SOH_13325_battle;The incompetence! I knew something terrible was going to happen!;;;;;;;;;;;;;x
EVTOPTB_SOH_13325_battle;It hurts! And my divination, how could it be so wrong?!;;;;;;;;;;;;;x
EVTOPTA_SOH_13325_power;Superstitious fools! This is just what I warned them about!;;;;;;;;;;;;;x
EVTOPTB_SOH_13325_power;Superstitious fools! Yet my divination should have warned me...;;;;;;;;;;;;;x
EVTOPTA_SOH_13325_relationship;Some things cannot be interfered with.;;;;;;;;;;;;;x
EVTOPTB_SOH_13325_relationship;I will have to deal with [envisioned_rival.GetHerHim] at some point.;;;;;;;;;;;;;x
EVTDESC_SOH_13326;Nothing has happened that seems relevant to the future I divined, good or bad. I'm starting to think I didn't perform the divination correctly.;;;;;;;;;;;;;x
EVTOPTA_SOH_13326;It was so long ago.;;;;;;;;;;;;;x

EVTOPTA_SOH_13326_TT;You stop trying to remember the future you foretold.;;;;;;;;;;;;;x